{"cameraMode":{"drawMode":0,"name":"Shaded","section":"Shading Mode"},"sceneLighting":true,"audioPlay":false,"sceneViewState":{"showFog":true,"showMaterialUpdate":false,"showSkybox":true,"showFlares":true,"showImageEffects":true,"showParticleSystems":true},"in2DMode":false,"pivot":{"x":113.42906188964844,"y":181.58627319335938,"z":14.477472305297852},"rotation":{"x":-0.024677131325006486,"y":-0.02967672422528267,"z":-0.0007325717597268522,"w":0.9992584586143494},"size":206.8333282470703,"orthographic":false}